{
	"pages": [ //pages数组中第一项表示应用启动页，参考：https://uniapp.dcloud.io/collocation/pages
		{
			"path": "pages/index/index",
			"style": {
				"navigationBarTitleText": "智慧市场监管"
			}
		},{
			"path": "pages/login/login",
			"style": {
				"navigationStyle": "custom"
			}
		},
		{
			"path": "pages/user/user",
			"style": {
				"navigationBarTitleText": "我的"
			}
		}, {
			"path": "pages/daily/daily",
			"style": {
				"navigationStyle": "custom"
			}
		}, {
			"path": "pages/Enterprise/Enterprise",
			"style": {
				"navigationStyle": "custom"
			}
		}, {
			"path": "pages/collective/collective",
			"style": {
				"navigationBarTitleText": "集体聚餐"
			}
		}, {
			"path": "pages/Coor/Coor",
			"style": {
				"navigationBarTitleText": "协同工作"
			}
		}, {
			"path": "pages/Coor/Coordetail",
			"style": {
				"navigationBarTitleText": "协同工作"
			}
		}, {
			"path": "pages/Enterprise/Filedetails/Filedetails",
			"style": {
				"navigationBarTitleText": "企业基本资料"
			}
		}, {
			"path": "pages/Enterprise/Filesearch/Filesearch",
			"style": {
				"navigationBarTitleText": "搜索"
			}
		}, {
			"path": "pages/Enterprise/Filesearch/Fileresult/Fileresult",
			"style": {
				"navigationBarTitleText": "搜索结果"
			}
		}, {
			"path": "pages/Enterprise/Filedetails/Filede/Filede",
			"style": {}
		}, {
			"path": "pages/fill/fill",
			"style": {}
		}, {
			"path": "pages/fill/fillbtn/fillbtn",
			"style": {
				"navigationBarTitleText": "结果处理"
			}
		}, {
			"path": "pages/fill/fillbtn/canvas/canvas",
			"style": {
				"navigationBarTitleText": "手写签章"
			}
		}, {
			"path": "pages/fill/fillinfo/fillinfo",
			"style": {
				"navigationBarTitleText": "企业信息"
			}
		}, {
			"path": "pages/fill/fillresult/fillresult",
			"style": {
				"navigationBarTitleText": "结果统计"
			}
		}, {
			"path": "pages/collective/declare/declare",
			"style": {
				"navigationBarTitleText": "集体聚餐"
			}
		},
		{
			"path": "pages/collective/declare/declhistory",
			"style": {
				"navigationBarTitleText": "集体聚餐记录"
			}
		},
		{
			"path": "pages/collective/declare/declist",
			"style": {
				"navigationBarTitleText": "集体聚餐记录"
			}
		}, {
			"path": "pages/success/success",
			"style": {
				"navigationBarTitleText": "成功"
			}
		}, {
			"path": "pages/Enterprise/Filedetails/FileList/FileList",
			"style": {
				"navigationBarTitleText": "日常检查记录"
			}
		}, {
			"path": "pages/Enterprise/Filedetails/FileListA/FileListA",
			"style": {
				"navigationBarTitleText": "行政执法记录"
			}
		}, {
			"path": "pages/Enterprise/Filedetails/FileList/Filelistdetails/Filelistdetails",
			"style": {
				"navigationBarTitleText": "日常检查记录详情"
			}
		}, {
			"path": "pages/news/news",
			"style": {
				"navigationBarTitleText": "通知公告"
			}
		},
		{
			"path": "pages/news/newsdetails",
			"style": {}
		},
		{
			"path": "pages/punish/qylist/qylist",
			"style": {
				"navigationStyle": "custom"
			}
		}, {
			"path": "pages/punish/punish",
			"style": {
				"navigationBarTitleText": "行政处罚表"
			}
		}, {
			"path": "pages/punish/punish-list",
			"style": {
				"navigationBarTitleText": "行政处罚表"
			}
		}, {
			"path": "pages/punish/punish-histort",
			"style": {
				"navigationBarTitleText": "行政处罚记录"
			}
		}, {
			"path": "pages/punish/201917/201917",
			"style": {}
		}, {
			"path": "pages/punish/xzzf01/xzzf01",
			"style": {}
		}, {
			"path": "pages/punish/xzzf10/xzzf10",
			"style": {}
		}, {
			"path": "pages/punish/xzzf09/xzzf09",
			"style": {}
		}, {
			"path": "pages/punish/xzzf15/xzzf15",
			"style": {}
		}, {
			"path": "pages/punish/201919/201919",
			"style": {}
		}, {
			"path": "pages/punish/xzzf11/xzzf11",
			"style": {}
		}, {
			"path": "pages/punish/xzzf16/xzzf16",
			"style": {}
		}, {
			"path": "pages/punish/xzzf17/xzzf17",
			"style": {}
		}, {
			"path": "pages/punish/xzzf18/xzzf18",
			"style": {}
		}, {
			"path": "pages/punish/xzzf19/xzzf19",
			"style": {}
		}, {
			"path": "pages/punish/xzzf20/xzzf20",
			"style": {}
		}, {
			"path": "pages/punish/xzzf21/xzzf21",
			"style": {}
		}, {
			"path": "pages/punish/xzzf26/xzzf26",
			"style": {}
		}, {
			"path": "pages/punish/xzzf34/xzzf34",
			"style": {}
		}, {
			"path": "pages/punish/xzzf39/xzzf39",
			"style": {}
		},

		{
			"path": "pages/punish/201917/201917l",
			"style": {}
		},
		{
			"path": "pages/punish/xzzf01/xzzf01l",
			"style": {}
		},
		{
			"path": "pages/punish/xzzf10/xzzf10l",
			"style": {}
		}, {
			"path": "pages/punish/xzzf09/xzzf09l",
			"style": {}
		}, {
			"path": "pages/punish/xzzf15/xzzf15l",
			"style": {}
		}, {
			"path": "pages/punish/201919/201919l",
			"style": {}
		}, {
			"path": "pages/punish/xzzf11/xzzf11l",
			"style": {}
		}, {
			"path": "pages/punish/xzzf16/xzzf16l",
			"style": {}
		}, {
			"path": "pages/punish/xzzf17/xzzf17l",
			"style": {}
		}, {
			"path": "pages/punish/xzzf18/xzzf18l",
			"style": {}
		}, {
			"path": "pages/punish/xzzf19/xzzf19l",
			"style": {}
		}, {
			"path": "pages/punish/xzzf20/xzzf20l",
			"style": {}
		}, {
			"path": "pages/punish/xzzf21/xzzf21l",
			"style": {}
		}, {
			"path": "pages/punish/xzzf26/xzzf26l",
			"style": {}
		}, {
			"path": "pages/punish/xzzf34/xzzf34l",
			"style": {}
		}, {
			"path": "pages/punish/xzzf39/xzzf39l",
			"style": {}
		}, {
			"path": "pages/punish/xzzcan/xzzcan",
			"style": {
				"navigationBarTitleText": "手写签章"
			}
		}, {
			"path": "pages/punish/201918/201918",
			"style": {}
		},
		{
			"path": "pages/punish/201918/201918l",
			"style": {}
		}, {
			"path": "pages/punish/punsucess/punsucess",
			"style": {
				"navigationBarTitleText": "成功"
			}
		}
	],
	"tabBar": {
		"color": "#7A7E83",
		"selectedColor": "#4b559d",
		"borderStyle": "black",
		"backgroundColor": "#ffffff",
		"list": [{
				"pagePath": "pages/index/index",
				"iconPath": "static/tabbar/home.png",
				"selectedIconPath": "static/tabbar/home-active.png",
				"text": "首页"
			}, {
				"pagePath": "pages/Enterprise/Enterprise",
				"iconPath": "static/tabbar/archives.png",
				"selectedIconPath": "static/tabbar/archives-active.png",
				"text": "企业档案"
			}, {
				"pagePath": "pages/daily/daily",
				"iconPath": "static/tabbar/inspect.png",
				"selectedIconPath": "static/tabbar/inspect-active.png",
				"text": "日常检查"
			},
			{
				"pagePath": "pages/collective/collective",
				"iconPath": "static/tabbar/Dinner.png",
				"selectedIconPath": "static/tabbar/Dinner-active.png",
				"text": "集体聚餐"
			}, {
				"pagePath": "pages/user/user",
				"iconPath": "static/tabbar/user.png",
				"selectedIconPath": "static/tabbar/user-active.png",
				"text": "我的"
			}
		]
	},
	"globalStyle": {
		"navigationBarTextStyle": "white",
		"navigationBarBackgroundColor": "#4b559d",
		"backgroundColor": "#4b559d"
	}
}
