{
	"pages": [ //pages数组中第一项表示应用启动页，参考：https://uniapp.dcloud.io/collocation/pages
		{
			"path": "pages/video/video",
			"style": {
				"navigationStyle": "custom"
			}
		}, {
			"path": "pages/details/details",
			"style": {
				"navigationStyle": "custom"
			}
		}, {
			"path": "pages/foode/foode",
			"style": {
				"navigationStyle": "custom"
			}
		}, {
			"path": "pages/index/index",
			"style": {
				"navigationStyle": "custom"
			}
		}
	    ,{
            "path" : "pages/vvdio/vvdio",
            "style": {
            	"navigationStyle": "custom"
            }
        }
    ],
	"globalStyle": {
		"navigationBarTextStyle": "black",
		"navigationBarTitleText": "uni-app",
		"navigationBarBackgroundColor": "#F8F8F8",
		"backgroundColor": "#F8F8F8"
	}
}
